path,sha256,error
tests/auto/system3_generated_tests/test_phase_270.py,cab05b223f469bc3804a7b77def5d98765352b0faf71cb35419e2fa93f5d5078,
tests/auto/system3_generated_tests/test_phase_271.py,93960caccbd65b865d15912493b97405df7b7efef3ca5c2d46abf5bac29c81c6,
tests/auto/system3_generated_tests/test_phase_272.py,199a99864b9035bb361b6449adea3c862ebd8d93379c00969c16d70fbbf8843c,
tests/auto/system3_generated_tests/test_phase_273.py,76a10b90c715c3b6e745c624349cecd121761d3d9286ad4eee295f3f65285c33,
tests/auto/system3_generated_tests/test_phase_274.py,c1c4af77f4a95932665b05dd4f6dc2da71ea3920abd68ae7aae4852fd0b3c545,
tests/auto/system3_generated_tests/test_phase_275.py,5658b06f797a1a90579478133fcd57137778601cfc01bd0ac90113097690726f,
tests/auto/system3_generated_tests/test_phase_276.py,37a6bdf1bafa75ca325b2562a2f54969baef82dcc0019f7f3e3cff72f1c271aa,
tests/auto/system3_generated_tests/test_phase_277.py,bf627333f3f55b51d11cab4f418a24db997e9ddb7a7eb82c47f167756fd9e3eb,
tests/auto/system3_generated_tests/test_phase_278.py,a65cda2cb312df036d06be75d33f43ea0d877ff77dd63df33b56f5e233681216,
tests/auto/system3_generated_tests/test_phase_279.py,31f98bf81247ef469f9133f2b52fb018238890e901d50359e1ad5ad859be0b88,
tests/auto/system3_generated_tests/test_phase_280.py,d5f3589555f55e1c10986f74c5a41d8f3ea579bfc9d9c89240977bbe044b5fcd,
tests/auto/system3_generated_tests/test_phase_281.py,01bdfeb1dff304a68ee9eaed000c40fe50b02f05d7b7fe5be82de226aa0433b3,
tests/auto/system3_generated_tests/test_phase_282.py,7ac90ffd29d3667cf6570e8381094d7d2ac24c51f48bc54a2e441bd41a52b843,
tests/auto/system3_generated_tests/test_phase_283.py,8fcadb5dc1444ec6d628baac6673c6f8b13e1b5334312b0564ec7244e166793e,
tests/auto/system3_generated_tests/test_phase_284.py,bb8710cfae3b9926f739cf149ea122860e7a62cff1a1681ff35e153f975743e5,
tests/auto/system3_generated_tests/test_phase_285.py,5186b71cc3794dd841a746cc3534eacaf8d0505a6c57046aef61056a8afc8087,
tests/auto/system3_generated_tests/test_phase_286.py,ddc5ac5c5c140afdf6f4c3c7008dc652ff33f422a73e8d13c44c1116ea9228e9,
tests/auto/system3_generated_tests/test_phase_287.py,f9f0e7c6b5bbedeea348d1ebd4938b06297c2eefbc2636cc2895f036a4904ba8,
tests/auto/system3_generated_tests/test_phase_288.py,71bff3959f2cf17283e8a056256604de502efdb70b76796c451a0c6750958125,
tests/auto/system3_generated_tests/test_phase_289.py,0845c4b0a9c9ce33b407885d26b1b075ce634e75d6f0b19da416af1256589b55,
tests/auto/system3_generated_tests/test_phase_290.py,ac120bc5a5030eaf1cae948a103b452f03f0feb18c0cdf8d2e25280a92ed88d1,
tests/auto/system3_generated_tests/test_phase_291.py,3d62c7e98bb93168ef2d6f19442e2eb4ab01993fde33d83b1f2f2329d2578c6e,
tests/auto/system3_generated_tests/test_phase_292.py,da2b4c61dac54b4d2804cb1db9848cf8572ced8b9d39da85fb737e0be3e6457a,
tests/auto/system3_generated_tests/test_phase_293.py,d68132009420f111899479029abad961ee656a5602425f2643b4516f121efc6b,
tests/auto/system3_generated_tests/test_phase_294.py,8a91810a90425483308d9e746cd97ebcc1522c1af352c171f74deafbcbb8b829,
tests/auto/system3_generated_tests/test_phase_295.py,892ec4aebd35e9f2bf435f3744a71b3e0b9187caf31ae0a9d264fb626a8ee0dc,
tests/auto/system3_generated_tests/test_phase_296.py,1a5e284e3c246d217d567a51c955217d680ea2e62989992ba59010e3ed6d5034,
tests/auto/system3_generated_tests/test_phase_297.py,2c97c772e5f735272f87c833702b8f5946278a1932251b675fb60389834eeab5,
tests/auto/system3_generated_tests/test_phase_298.py,4266657f631932d82834df59053401d56e38847bd04520faac5abefcd6d3aa83,
tests/auto/system3_generated_tests/test_phase_299.py,0b078c1153cedcdce131510a298c578e1e7713ab11f4f13263292181d4c51475,
tests/auto/system3_generated_tests/test_phase_300.py,286335be5b66f792e729742bac56b0b4f1e4b4d7e5ea1b77314cb11218d31511,
tests/auto/system3_generated_tests/test_phases_201_230.py,12ecccf43f73f6df59887f2a7456098c8e9da77a6d43dd4c1c43691ab0edc402,
tests/auto/system3_generated_tests/test_phases_231_260.py,aa2f238a20082088a4a6ddae3bc812021997ce8f8a151c595d836a9a500da49a,
tests/auto/system3_generated_tests/test_phases_261_300.py,df308e7a29aecf0da384b8f97152cee7e1dfca9e0efe474bb43471522a72d561,
tests/test_forward_signal_integrity.py,446071249ca6b38a6ce2dea411b569b491201bd77783f2a6ffe6795ab004827a,
tests/test_geni_master.py,4a588502c009497d4b9789881d5584959dd1d4c1235564f7e89ecb6d4a68e0c2,
time_tracker.py,78867fea465e674141e9c9cdb91693f40d2c53243f1e7a45580623d70a9b6d6f,
tmp_profile_output.txt,75dfbf702dff6fbdd10278ebc61d018667f3891247f0d2c2e97b07984e4b4da1,
tmp_profile_signals.py,a565881a3c58143f192e083b19429ef529fc7bb7370cb8c7993958fedb9e69a2,
tools/README_INSPECTOR.md,76bade69e071466dfb96fdf691f8e2471cb2bda026b99c00ccdb845c174667a4,
tools/auto_verify_until_pass.py,2bb51432abf4e5b0c584724ed565298345b8eb9b196c3693a0c483f3aadb6f30,
tools/build_ultra_intelligence_dashboard.py,631366935996bc2d8ae72282fdb87c593fc3f6b35730ed325f6bd765a8de2dc3,
tools/check_cleaned_csv.py,ec2f15e0c93a109a91f5af8f24a4ff97656110bfaafc912d972ea8ea71bae063,
tools/check_outputs.ps1,35b2a77cf29e7c0f5fa3a1260f486f704f8108a7ca0466fb0304c013d55bca20,
tools/clean_training_csv.py,48684c880264a0ac84005ec9b66070c55cfff90f25c7c1411e129c7c311fbb88,
tools/compute_mark_to_market_pnl.py,c71d38a770b9b02484d554384fc32ef9cccd3c1f9ec4647daa84a25d7f80d5c4,
tools/create_inspector_task.ps1,3b5d18591eaae0629ec120f6ba68f952233abaea35c4e2cce37eb524b03b087f,
tools/enable_transcript_snippet.ps1,6b383b640485f2a9314d6cb72e6c1efd1d6726e0d4eb9f998bdba9eb36f76176,
tools/fix_csv_by_joining_lines.py,a658b4a1a84166d56c98e448ca728fdf23f566e77938ec4b6e529329b171f5a2,
tools/fix_csv_skip_bad.py,dc57951bffae59ac1bd0f2ae942a31b5404786120a17d2499a27ae80f9d78083,
tools/fix_csv_with_csvmodule.py,e510ae795f8b9a04d2661e5bdb0cb4c1c8bb2b63d94a588592b1db6f7e8d0564,
tools/inspect_training_csv.py,6abb44595feb62e1faeb7843e9da839bf87a280965bf4a370e3223406b9529f0,
tools/model_benchmark_leaderboard.py,dc50930c4c0f7b9de540cf1b6ded0acb3cf67cb9739f037a6c205685b8ffae3f,
tools/playwright_dashboard_verification.py,e25fe68d8c6e50b98a4970a1d65cd2db81de107b74f10b08e0faf6a8ed02c368,
tools/quick_inspector.py,cc8c220fa2d2fa8841d12378e9638d48bf3227eb29b4546b99e28cca8ce0dca4,
tools/quick_phase392_test.py,a3700843aa44a91294b398bd6cf96503cf0c585167f1c711920febcf3153ee8d,
tools/replay_market_dryrun_simulator.py,09d76615f4cbebfe962e6f0883cdcc786a674732cbe89fd8dbfb36e467d4b58a,
tools/run_inspector_wrapper.ps1,20efbe16d7935f293633077f114d2cdd4279ea4f229f2fba706150bce8995139,
tools/run_paper_trading_e2e_test.py,d71676e023893e87f9ccc3b89c89fd4378845224d8f1569bab1ea7735b01bd20,
tools/run_phase_390_smote_test.py,b46ca25fba73b0633dfd9055d91afe4874fb5ea2730d5d8013acf43981edfd9c,
tools/run_phase_391_xgb_test.py,0ac1da7816cfc8f1347efd1266130c1b7a0954ca2b3656b85ceceb270fd74a55,
tools/run_phase_391_xgboost_test.py,c9e1e6bd876518eca1f0632a4e883e43a55441db1fd291f21337c6d7de7036e5,
tools/run_phase_392_ensemble_test.py,9d0ff84f037b776dbdeb6f071f05d78d1db459febda499672e09513ff967f3ef,
tools/run_phases_331_360_block_test.py,43940c923bf748f4eefaac1b6a935a8f905493f7d4b4bbeb18d3e06d21f979c0,
tools/run_phases_381_388_block_test.py,050f6d7d7d96b5b6c596d8a934b1f1059e9940143e3f8450835867074a825537,
tools/run_phases_389_400_block_test.py,8260061c6d251e5fbe97d8e3cdf2de3d4b54aee32fc13844a44a213cb62aad1e,
tools/storage/live/live_orders_ledger.csv,5e1fa79e57ccbfe6f39b225c689a58c66f6d57e9c5834a7776b9693df6b5243d,
tools/system3_live_dry_run_launcher.py,c98e59ab23555df98fbfeaa933e81fc997841e6f190d4df380c5a4dcae2ca899,
tools/system3_live_runtime_verification.py,7274d1b2126362012c645b410eebd291c0b270db3c3c8d6fad6e1146fd93bffc,
tools/system3_venv_sanity_check.py,3e31bb7d34d7b483dce70fd94f96c2002977a5012957b2b509fa072399c0cd26,
tools/system3_watchdog_status_reporter.py,32b5c3acc9bf2d4174c25d7aee153f4d40e923bf81545b803ef33d5cda4eb35e,
tools/verify_cursor_agent_bugs.py,5ba0908c63e7fce230429601e03f5827bb3796854c6384ac9801d3266fdb4865,
tools/verify_runtime_python_consistency.py,106fbc7978732e4b89052e0e6a224426f73d5962da49429acd3a6b86559ccc4a,
tools/visualize_live_fills.py,c0aab4ee4646a6b60d26c8c4ee89c7b3767db4e4ac4f68a1b5d7a39123f1737f,
update_phase_registry_311_330.py,9f0a0432839d18268709bb88a062c68fea4d06df582bd258ad955c8fb9495e06,
validate_auto_heal_implementation.py,f7c1a2ffe0ae8f3467c9cf0741633167203fa1f9163408565558b5d019371667,
validate_broker_credentials_and_test.py,56bb8b3d77c150a8b138ec37f0d85b4947ef34ade9af69de8fc8e0f10c8879e8,
validate_core_commands.py,29b30e1f855e872d1f6fc0ff2d434eaf4bc6b7186c9b2193cc40bf1aa53d0cca,
validate_csv_fixes_and_system3.py,2fc2d17ca6d1c7e6d5a930b2b7fea1b18daac93e3a01789be7ee34ddbabe7bb0,
validate_integrity_tests.py,f0656946bed55ac07eb0e9584177a4c281b2711443ac7638caf83230a45212d4,
validate_option_chain_system.py,f01dca765bbc26a6c1b1d6a8bb6fdce900a03ce90a385ec5c30b6690e0f5a4df,
validate_pipeline_consistency.py,d737958a5376515546a8db67bc3a200656161015054e8d03a19901976c30f228,
validate_signal_files.py,658b62553ee3ab9dd6f6645fffb01215f952e1e186fefd04a5b06fc7b1bb5995,
validation_test_output.txt,84ea142882fc0003f89f8936c395bdc34ef024cc112f7defde45943c068d3521,
verify_all_warnings.py,2f0a0c79f0d37e84ef4f0b5d46c5f442ac49f427853e2fa98326557933b5fd28,
verify_dashboard_fix.js,c20164f0ffec35dad996b08a21e260a90a01a85bf7e8ee023a041703f363f909,
verify_expected_failures.py,09151e336096f09247280be70ee711a86796f0d5e9cb9b0f69f50a395b5396ab,
verify_fixes.py,beb4c0b4e315c2e75459266bff6d5e07ef4008f2084a7c6e636f500dd1651aa4,
verify_option_chain.py,8de9fe5a2e0ca41307e2976e8576dadf4db0f0bfa51ac8b40c255cfe84212365,
verify_phase33_fix.py,18273b007fd132e43c5dd2150062380129d713bcb23c5d5cb943a3074e42484b,
verify_phase392_readiness.py,e3c69f56d0b5da7793d9aacfa80f4b6a6c0afe80926024bb12db5a25884e45d7,
verify_phase_366_369_outputs.py,6f6d564acc0ee245211c58437fda9859d216b91ac00cfebf457fc39e059ab69e,
verify_phase_391_inputs.py,16efbbb13485c52ee29138b083781a8fd1c49b232bcde4be3175d99e91aa89b3,
verify_phase_count.py,503a8c4bd372512d8f38dbe65a52d7d718f46111f938c4d77f9b35b881d0aa07,
verify_phases_331_360_implementation.py,7e4e09a1bb7a632a8e95a349a896a06af00f92b09a8c0e327435f2e409342567,
verify_phases_39_45.py,fc0570c6cec4132c9ef26b54a901a1ddc838cbc718cd274e9a2775d0722bc15c,
verify_phases_integrity.py,c907dca69f25d8875b711b4f8397bf5e4dda96b905c02ac51b70388fadfcb53e,
verify_system3_tomorrow_readiness.py,29d6dbf70b00adbcc6ef7bc63b71573cede855ca487166b5ce6faa1fbd06a69c,
verify_ultra_features.py,f930a4694bb239fe050a02da9c3796fd0f5d660b5cdf168f652b644792678ce7,
wait_and_complete_validation.py,32b6eb3c18da590c1a144a0b8e93a2533b0aeab4f6275aa88525103b98f24a9d,
wait_and_run_live_watch.py,6e0c9269af677a05c1b8b4e995f14275337c50ed7c3ca6dfaf4000b54e451c7c,
world_class_enhancement_system.py,097b40ba8c8ded0eb85a3fdf13cf817a57b00df4648524ef9f4c7815ec3b9439,
