path,size,suffix,classification
phase_269.py,,.py,KEEP_ACTIVE
tests/auto/system3_generated_tests/test_phase_270.py,9726,.py,KEEP_ACTIVE
tests/auto/system3_generated_tests/test_phase_271.py,9710,.py,KEEP_ACTIVE
tests/auto/system3_generated_tests/test_phase_272.py,9722,.py,KEEP_ACTIVE
tests/auto/system3_generated_tests/test_phase_273.py,9712,.py,KEEP_ACTIVE
tests/auto/system3_generated_tests/test_phase_274.py,9708,.py,KEEP_ACTIVE
tests/auto/system3_generated_tests/test_phase_275.py,9718,.py,KEEP_ACTIVE
tests/auto/system3_generated_tests/test_phase_276.py,9710,.py,KEEP_ACTIVE
tests/auto/system3_generated_tests/test_phase_277.py,9712,.py,KEEP_ACTIVE
tests/auto/system3_generated_tests/test_phase_278.py,9710,.py,KEEP_ACTIVE
tests/auto/system3_generated_tests/test_phase_279.py,9708,.py,KEEP_ACTIVE
tests/auto/system3_generated_tests/test_phase_280.py,9706,.py,KEEP_ACTIVE
tests/auto/system3_generated_tests/test_phase_281.py,9724,.py,KEEP_ACTIVE
tests/auto/system3_generated_tests/test_phase_282.py,9700,.py,KEEP_ACTIVE
tests/auto/system3_generated_tests/test_phase_283.py,9694,.py,KEEP_ACTIVE
tests/auto/system3_generated_tests/test_phase_284.py,9700,.py,KEEP_ACTIVE
tests/auto/system3_generated_tests/test_phase_285.py,9720,.py,KEEP_ACTIVE
tests/auto/system3_generated_tests/test_phase_286.py,9732,.py,KEEP_ACTIVE
tests/auto/system3_generated_tests/test_phase_287.py,9712,.py,KEEP_ACTIVE
tests/auto/system3_generated_tests/test_phase_288.py,9698,.py,KEEP_ACTIVE
tests/auto/system3_generated_tests/test_phase_289.py,9704,.py,KEEP_ACTIVE
tests/auto/system3_generated_tests/test_phase_290.py,9706,.py,KEEP_ACTIVE
tests/auto/system3_generated_tests/test_phase_291.py,9716,.py,KEEP_ACTIVE
tests/auto/system3_generated_tests/test_phase_292.py,9710,.py,KEEP_ACTIVE
tests/auto/system3_generated_tests/test_phase_293.py,9716,.py,KEEP_ACTIVE
tests/auto/system3_generated_tests/test_phase_294.py,9722,.py,KEEP_ACTIVE
tests/auto/system3_generated_tests/test_phase_295.py,9706,.py,KEEP_ACTIVE
tests/auto/system3_generated_tests/test_phase_296.py,9716,.py,KEEP_ACTIVE
tests/auto/system3_generated_tests/test_phase_297.py,9712,.py,KEEP_ACTIVE
tests/auto/system3_generated_tests/test_phase_298.py,9708,.py,KEEP_ACTIVE
tests/auto/system3_generated_tests/test_phase_299.py,9710,.py,KEEP_ACTIVE
tests/auto/system3_generated_tests/test_phase_300.py,9720,.py,KEEP_ACTIVE
tests/auto/system3_generated_tests/test_phases_201_230.py,29668,.py,KEEP_ACTIVE
tests/auto/system3_generated_tests/test_phases_231_260.py,3048,.py,KEEP_ACTIVE
tests/auto/system3_generated_tests/test_phases_261_300.py,39072,.py,KEEP_ACTIVE
tests/test_forward_signal_integrity.py,7470,.py,KEEP_ACTIVE
tests/test_geni_master.py,5245,.py,KEEP_ACTIVE
time_tracker.py,3870,.py,KEEP_ACTIVE
tmp_profile_output.txt,13802,.txt,KEEP_ACTIVE
tmp_profile_signals.py,1153,.py,KEEP_ACTIVE
tools/README_INSPECTOR.md,2156,.md,KEEP_ACTIVE
tools/auto_verify_until_pass.py,2350,.py,KEEP_ACTIVE
tools/build_ultra_intelligence_dashboard.py,15951,.py,KEEP_ACTIVE
tools/check_cleaned_csv.py,388,.py,KEEP_ACTIVE
tools/check_outputs.cmd,813,.cmd,KEEP_ACTIVE
tools/check_outputs.ps1,832,.ps1,KEEP_ACTIVE
tools/clean_training_csv.py,1325,.py,KEEP_ACTIVE
tools/compute_mark_to_market_pnl.py,6666,.py,KEEP_ACTIVE
tools/create_inspector_task.ps1,2582,.ps1,KEEP_ACTIVE
tools/enable_transcript_snippet.ps1,1601,.ps1,KEEP_ACTIVE
tools/fix_csv_by_joining_lines.py,1412,.py,KEEP_ACTIVE
tools/fix_csv_skip_bad.py,776,.py,KEEP_ACTIVE
tools/fix_csv_with_csvmodule.py,1866,.py,KEEP_ACTIVE
tools/inspect_training_csv.py,877,.py,KEEP_ACTIVE
tools/model_benchmark_leaderboard.py,13313,.py,KEEP_ACTIVE
tools/playwright_dashboard_verification.py,6043,.py,KEEP_ACTIVE
tools/quick_inspector.py,4507,.py,KEEP_ACTIVE
tools/quick_phase392_test.py,886,.py,KEEP_ACTIVE
tools/replay_market_dryrun_simulator.py,14151,.py,KEEP_ACTIVE
tools/run_inspector_wrapper.ps1,1095,.ps1,KEEP_ACTIVE
tools/run_paper_trading_e2e_test.py,5387,.py,KEEP_ACTIVE
tools/run_phase_390_smote_test.py,5190,.py,KEEP_ACTIVE
tools/run_phase_391_xgb_test.py,5793,.py,KEEP_ACTIVE
tools/run_phase_391_xgboost_test.py,4982,.py,KEEP_ACTIVE
tools/run_phase_392_ensemble_test.py,12591,.py,KEEP_ACTIVE
tools/run_phases_331_360_block_test.py,6540,.py,KEEP_ACTIVE
tools/run_phases_381_388_block_test.py,7847,.py,KEEP_ACTIVE
tools/run_phases_389_400_block_test.py,5914,.py,KEEP_ACTIVE
tools/storage/live/live_orders_ledger.csv,215,.csv,KEEP_ACTIVE
tools/system3_live_dry_run_launcher.py,18572,.py,KEEP_ACTIVE
tools/system3_live_runtime_verification.py,18905,.py,KEEP_ACTIVE
tools/system3_venv_sanity_check.py,9867,.py,KEEP_ACTIVE
tools/system3_watchdog_status_reporter.py,9111,.py,KEEP_ACTIVE
tools/verify_cursor_agent_bugs.py,4520,.py,KEEP_ACTIVE
tools/verify_runtime_python_consistency.py,2996,.py,KEEP_ACTIVE
tools/visualize_live_fills.py,4032,.py,KEEP_ACTIVE
update_phase_registry_311_330.py,3312,.py,KEEP_ACTIVE
validate_auto_heal_implementation.py,9672,.py,KEEP_ACTIVE
validate_broker_credentials_and_test.py,10257,.py,KEEP_ACTIVE
validate_core_commands.py,6451,.py,KEEP_ACTIVE
validate_csv_fixes_and_system3.py,12948,.py,KEEP_ACTIVE
validate_integrity_tests.py,5482,.py,KEEP_ACTIVE
validate_option_chain_system.py,14909,.py,KEEP_ACTIVE
validate_pipeline_consistency.py,4738,.py,KEEP_ACTIVE
validate_signal_files.py,6217,.py,KEEP_ACTIVE
validation_test_output.txt,2302,.txt,KEEP_ACTIVE
verify_all_warnings.py,4839,.py,KEEP_ACTIVE
verify_dashboard_fix.js,1514,.js,KEEP_ACTIVE
verify_expected_failures.py,8428,.py,KEEP_ACTIVE
verify_fixes.py,3967,.py,KEEP_ACTIVE
verify_option_chain.py,2868,.py,KEEP_ACTIVE
verify_phase33_fix.py,1812,.py,KEEP_ACTIVE
verify_phase392_readiness.py,6029,.py,KEEP_ACTIVE
verify_phase_366_369_outputs.py,1253,.py,KEEP_ACTIVE
verify_phase_391_inputs.py,1188,.py,KEEP_ACTIVE
verify_phase_count.py,610,.py,KEEP_ACTIVE
verify_phases_331_360_implementation.py,6998,.py,KEEP_ACTIVE
verify_phases_39_45.py,15661,.py,KEEP_ACTIVE
verify_phases_integrity.py,9698,.py,KEEP_ACTIVE
verify_system3_tomorrow_readiness.py,15650,.py,KEEP_ACTIVE
verify_ultra_features.py,3600,.py,KEEP_ACTIVE
wait_and_complete_validation.py,1570,.py,KEEP_ACTIVE
wait_and_run_live_watch.py,3510,.py,KEEP_ACTIVE
world_class_enhancement_system.py,7613,.py,KEEP_ACTIVE
